time,lat,lon,depth,MIT9313PCR_Chisholm,MIT9313PCR_Chisholm_std,TQPCR_MED4_MIT9312_MIT9211_NATL2A_SS120_MIT9313_Chisholm,TQPCR_MED4_MIT9312_MIT9211_NATL2A_SS120_MIT9313_Chisholm_std,MIT9312PCR_Chisholm,MIT9312PCR_Chisholm_std,MED4PCR_Chisholm,MED4PCR_Chisholm_std,NATL2APCR_Chisholm,NATL2APCR_Chisholm_std,SS120PCR_Chisholm,SS120PCR_Chisholm_std,sbact_Chisholm,sbact_Chisholm_std,temp_C_AMT13,temp_C_AMT13_std,Light_Quanta_m2_sec_AMT13,Light_Quanta_m2_sec_AMT13_std,chlA_AMT13,chlA_AMT13_std,nitrate_WOA_clim,nitrate_WOA_clim_std,phosphate_WOA_clim,phosphate_WOA_clim_std,silicate_WOA_clim,silicate_WOA_clim_std
2003-09-14T09:55:00.000Z,47.983,-11.539,9.28,1.0,,96901.0544525,,96.1399275,,95878.59,,923.324525,,1.0,,0.2825333333333333,,17.8958,,45.652811,,0.0761,,0.347876138985157,0.14033942766995303,0.13360700011253357,0.003917338834845046,0.658058762550354,0.07006458378972215
2003-09-14T09:55:00.000Z,47.983,-11.539,43.017,1.0,,21001.01436025,,24.2269825,,19852.1525,,1121.921075,,0.713802749999999,,0.43853333333333344,,16.3019,,9.754238,,0.1072,,1.1939381659030914,0.2957084847391636,0.2015584334731102,0.018313237683180692,0.8733105063438416,0.05930238602246536
2003-09-14T09:55:00.000Z,47.983,-11.539,53.629,1.0,,4502.29060725,,6.13203225,,3847.6365,,645.522075,,1.0,,0.23413333333333328,,15.2485,,4.237555,,0.5024,,2.2128738164901733,0.4572718957441567,0.26123835146427155,0.021199885874403954,1.1494626998901367,0.05248412175146399
2003-09-14T09:55:00.000Z,47.983,-11.539,62.327,0.97639275,,2468.06446059999,,4.1589685,,2120.974,,338.6858,,0.2588225,,0.1315333333333333,,14.6576,,2.620675,,0.2852,,3.6804490089416504,0.5678542680561298,0.3342010974884033,0.028648814513098086,1.3289158344268799,0.0980524514244724
2003-09-14T09:55:00.000Z,47.983,-11.539,78.587,1.0,,2315.21268675,,2.13386175,,1420.99075,,889.088075,,1.0,,0.0554,,13.8446,,1.134332,,0.1979,,6.039172887802124,0.5197249272802055,0.44371500611305237,0.023967521902144576,1.9078169465065002,0.15017824066989677
2003-09-14T09:55:00.000Z,47.983,-11.539,103.753,1.0,,433.77111446,,1.023306925,,121.30045,,309.278725,,0.168632535,,0.012,,12.8426,,0.397496,,0.1136,,7.432401180267334,,0.4975574016571045,,2.6554129123687744,
2003-09-14T09:55:00.000Z,47.983,-11.539,154.181,1.0,,29.2558983,,0.51605275,,25.9827875,,0.48402055,,0.2730375,,0.00046666666666666655,,12.0072,,0.071715,,0.0601,,9.382625579833984,,0.5552229285240173,,3.200782299041748,
2003-09-14T09:55:00.000Z,47.983,-11.539,203.023,1.0,,12.8630923749999,,1.0,,9.05216125,,0.546885125,,0.264046,,0.0001333333333333333,,11.7966,,0.018574,,0.0173,,10.014046669006348,,0.5531426668167114,,3.696105480194092,
2003-09-15T09:47:00.000Z,46.691,-17.004,14.371,1.0,,96452.7921025,,28.3876775,,95349.05,,1072.354425,,1.0,,0.1238198757763975,,18.3077,,36.750924,,0.0124,,0.05731821060180664,0.015131140083896067,0.11265767365694046,0.014691263962699994,0.6084955930709839,0.08186595425386355
2003-09-15T09:47:00.000Z,46.691,-17.004,27.465,1.0,,92023.6024875,,28.3047375,,90637.4225,,1354.87525,,1.0,,0.139,,18.0696,,19.485738,,0.13966123,,0.26708588004112244,0.04228930485886085,0.12030741199851036,0.008333554110445352,0.7029792070388794,0.014225151428305887
2003-09-15T09:47:00.000Z,46.691,-17.004,42.353,1.75472225,,30289.35563125,,8.341659,,12577.17925,,17700.08,,1.0,,0.1572,,14.7073,,6.316299,,0.5000273,,1.3916082978248596,0.327316050164575,0.18954284489154816,0.020600220513790953,0.8925881087779999,0.05080191458684868
2003-09-15T09:47:00.000Z,46.691,-17.004,52.624,7.35057699999999,,6662.21572699999,,1.0,,643.43015,,6008.43499999999,,1.0,,0.06646666666666667,,13.7742,,3.589748,,0.39487698,,2.3846068382263184,0.4465964361911353,0.25089263170957565,0.025029169405997614,1.0836381912231445,0.08025602893444442
2003-09-15T09:47:00.000Z,46.691,-17.004,62.647,4.146942,,3029.899967,,1.0,,154.357025,,2868.396,,1.0,,0.0372,,13.5023,,1.72287,,0.28690563,,3.5380674600601196,0.38761124735056296,0.3196280002593994,0.023907968405198682,1.3537493348121643,0.11048703614064147
2003-09-15T09:47:00.000Z,46.691,-17.004,77.992,4.23067575,,1704.76287325,,1.0,,48.9091975,,1648.623,,1.0,,0.0284,,13.1549,,0.823019,,0.11609554,,5.477853298187256,0.4197097814142777,0.4081762731075287,0.019330525628976015,1.9124919176101685,0.13257459786495762
2003-09-15T09:47:00.000Z,46.691,-17.004,93.295,2.80415925,,149.481984249999,,1.0,,21.2616725,,122.4161525,,1.0,,0.004866666666666667,,12.9578,,0.531604,,0.059521072,,7.274138689041138,0.06437779381384424,0.4749402701854706,0.015397718900727471,2.4144434928894043,0.11372703297306794
2003-09-15T09:47:00.000Z,46.691,-17.004,153.893,1.0,,15.486454075,,1.0,,10.32661475,,1.159839325,,1.0,,0.0001333333333333333,,12.7216,,0.095524,,0.010015741,,9.04401683807373,,0.5427242517471313,,3.33847975730896,
2003-09-15T09:47:00.000Z,46.691,-17.004,203.956,1.0,,15.773828275,,1.0,,10.07784875,,1.695979525,,1.0,,0.0002,,12.5884,,0.031516,,0.010000249,,9.710700988769531,,0.5848659873008728,,3.7735848426818848,
2003-09-16T11:22:00.000Z,43.044,-19.622,15.623,1.0,,91790.7827674999,,56.2005675,,91394.51,,337.0722,,1.0,,0.034333333333333334,,19.7199,,38.100793,,0.048883384,,0.08763223886489868,0.025647811385152645,0.07621421292424202,0.002539921873592326,1.0721389055252075,0.0037487092939529586
2003-09-16T11:22:00.000Z,43.044,-19.622,21.937,1.0,,174813.364235,,66.50246,,174335.4,,408.461775,,1.0,,0.01506666666666667,,19.6173,,26.753232,,0.050072802,,0.15684691816568375,0.07223652679732193,0.08376143872737885,0.008133467215495948,1.0618491768836975,0.01080316450400938
2003-09-16T11:22:00.000Z,43.044,-19.622,31.714,1.0,,173009.14787,,63.28062,,171700.65,,1242.21725,,1.0,,0.0224,,19.2129,,19.186671,,0.061798721,,0.4128092974424362,0.11677098373964598,0.09977158904075623,0.009690761657837098,1.1473081707954407,0.03994265262747129
2003-09-16T11:22:00.000Z,43.044,-19.622,51.819,1.15355275,,44662.42122775,,17.829175,,33533.1675,,11108.271,,1.0,,0.1079333333333333,,16.0242,,6.020174,,0.36964295,,1.4990379810333252,0.37432622352514106,0.17608273029327393,0.02021227984667243,1.4236964583396912,0.0742759811866277
2003-09-16T11:22:00.000Z,43.044,-19.622,61.873,28.64728,,33253.6979384999,,3.9559085,,8332.20475,,24886.89,,1.0,,0.11166666666666669,,14.5389,,2.683631,,0.4062231,,2.629938244819641,0.4455098904365245,0.23946985602378845,0.026244589686642648,1.6620630025863647,0.1010662882677894
2003-09-16T11:22:00.000Z,43.044,-19.622,76.916,105.0111525,,3406.9750633,,0.1228108,,207.21635,,3092.62475,,1.0,,0.041,,13.893,,1.365826,,0.20989334,,4.899595499038696,0.5483186980091483,0.3599512130022049,0.023031040001656768,2.1684945821762085,0.09331632576360621
2003-09-16T11:22:00.000Z,43.044,-19.622,102.123,23.669525,,324.895425,,1.0,,34.6864,,263.5395,,1.0,,0.007933333333333334,,13.4552,,0.413287,,0.089125295,,7.378300666809082,,0.4589058458805084,,2.659809112548828,
2003-09-16T11:22:00.000Z,43.044,-19.622,152.744,1.0,,40.641929,,1.0,,31.906725,,4.735204,,1.0,,0.0012,,13.1032,,0.094513,,0.019999645,,8.271716117858887,,0.5185542702674866,,3.0619218349456787,
2003-09-16T11:22:00.000Z,43.044,-19.622,202.468,1.0,,15.4173289999999,,1.0,,9.4228455,,1.9944835,,1.0,,0.0008,,12.8911,,0.029913,,0.010047681,,8.706389427185059,,0.5559885501861572,,3.4591870307922363,
2003-09-17T10:50:00.000Z,39.443,-21.544,9.834,1.0,,58878.653440475,,272.162575,,58600.445,,3.045865475,,1.0,,0.05113333333333333,,23.0244,,47.96148,,0.027998908,,0.030394479632377625,3.757654962549396e-05,0.006469679297879338,0.0006342326911092672,1.3568769097328186,0.05841578491719019
2003-09-17T10:50:00.000Z,39.443,-21.544,21.825,1.0,,41508.54569975,,388.19105,,41113.2225,,4.13214975,,1.0,,0.04486666666666667,,22.7749,,28.250752,,0.029973636,,0.03624110110104084,0.005953777090304264,0.013847037684172392,0.006337282460161525,1.3969860076904297,0.00019724725103098406
2003-09-17T10:50:00.000Z,39.443,-21.544,37.047,1.0,,77880.547875,,236.771275,,77065.9775,,574.7991,,1.0,,0.03333333333333333,,19.8877,,15.217958,,0.048942976,,0.05672886036336422,0.0008525754276367157,0.023611871525645256,0.0027232079810540766,1.4561828970909119,0.0099904046773253
2003-09-17T10:50:00.000Z,39.443,-21.544,57.093,1.0,,34283.389357,,6.828357,,12123.6785,,22149.8825,,1.0,,0.33626666666666655,,15.6279,,5.212342,,0.21740724,,0.6915466040372849,0.28889702718419674,0.06807626783847809,0.016943149005212807,1.6479521989822388,0.054428945929150686
2003-09-17T10:50:00.000Z,39.443,-21.544,66.974,0.75334975,,28922.47248275,,6.957883,,6134.41875,,22778.3425,,1.0,,0.15406666666666669,,15.2028,,2.579775,,0.74676226,,1.7994717955589294,0.47807583305022505,0.13775543868541718,0.03277960606222655,1.8345985412597656,0.09518747725009587
2003-09-17T10:50:00.000Z,39.443,-21.544,82.153,13.4334595,,6540.41094265,,0.34562565,,77.9216075,,6446.71025,,1.0,,0.022,,14.8551,,0.867322,,0.32117909,,3.913657069206238,0.43402167105681905,0.24965916574001312,0.025714445552648367,2.142617106437683,0.06295373609635815
2003-09-17T10:50:00.000Z,39.443,-21.544,100.611,16.597834,,1657.00619074999,,1.0,,13.46435675,,1623.944,,1.0,,0.005920177383592018,,14.6195,,0.408277,,0.11856266,,5.458139896392822,,0.3530604839324951,,2.424020528793335,
2003-09-17T10:50:00.000Z,39.443,-21.544,153.104,1.04632875,,55.16362925,,1.0,,7.6061305,,43.51117,,1.0,,0.0008647450110864745,,14.1225,,0.070498,,0.029737748,,6.769440650939941,,0.4415386915206909,,2.8404786586761475,
2003-09-17T10:50:00.000Z,39.443,-21.544,203.896,1.0,,7.76336595,,1.0,,1.4894382,,2.27392775,,1.0,,0.00033333333333333343,,13.6511,,0.021176,,0.010025946,,7.510915756225586,,0.4954645335674286,,3.455087900161743,
2003-09-18T00:54:00.000Z,38.167,-24.701,1.708,1.0,,108616.0939475,,1990.3495,,106599.5825,,23.1619475,,1.0,,0.12326666666666669,,23.4474,,100.0,,0.029999991,,0.04426171910017729,0.022215299602529555,0.0576704703271389,0.00217004113106072,1.378321647644043,0.2681480282951624
2003-09-18T00:54:00.000Z,38.167,-24.701,16.611,1.0,,87115.50218325,,1429.94815,,85664.3,,18.25403325,,1.0,,0.1192,,23.3991,,33.017164,,0.029931991,,0.022409440018236637,0.007900622999630465,0.0521084051579237,0.0004340414168553464,1.4841082096099854,0.0026431131638151866
2003-09-18T00:54:00.000Z,38.167,-24.701,27.845,1.0,,113183.679224999,,986.815475,,110820.9,,1372.96375,,1.0,,0.06906666666666667,,21.2935,,23.902949,,0.043193209,,0.0509933065623045,0.010794216201234911,0.05912165157496929,0.00269358138072895,1.5507328510284424,0.034439875792191946
2003-09-18T00:54:00.000Z,38.167,-24.701,52.034,15.0476345,,62237.6392595,,18.361625,,15504.8325,,46697.3975,,1.0,,0.17333333333333328,,15.9702,,6.640609,,0.29832721,,0.3905625492334366,0.18911550129956495,0.07736415416002274,0.00444061303253205,1.6961185336112976,0.01343649959897004
2003-09-18T00:54:00.000Z,38.167,-24.701,61.965,84.666685,,37784.0082749999,,4.62434,,2625.90475,,35066.8125,,1.0,,0.04953333333333333,,15.3702,,2.772716,,0.52007722,,1.0843759179115295,0.3846934210281538,0.11473618447780609,0.023384525620117634,1.7684423923492432,0.03944776433225638
2003-09-18T00:54:00.000Z,38.167,-24.701,77.312,42.009985,,12779.09224575,,1.81241075,,297.31435,,12435.9555,,1.0,,0.01381535038932147,,15.1624,,1.11802,,0.21358498,,3.014023542404175,0.4586602129341056,0.21524813771247864,0.023801463319011652,1.9824427366256714,0.046713375253352375
2003-09-18T00:54:00.000Z,38.167,-24.701,92.477,54.5396375,,6159.0917475,,1.0,,89.59436,,6011.95775,,1.0,,0.0038666666666666667,,14.9963,,0.667332,,0.11013694,,4.545546293258667,0.2448607143811351,0.3152278810739517,0.02089191885233485,2.142276883125305,0.017007264898510004
2003-09-18T00:54:00.000Z,38.167,-24.701,122.711,5.023954,,173.113282,,1.0,,5.833523,,159.255805,,1.0,,0.0007333333333333332,,14.7882,,0.232438,,0.029191135,,5.5729146003723145,,0.35084185004234314,,2.637648820877075,
2003-09-18T00:54:00.000Z,38.167,-24.701,203.212,1.0,,46.317625,,1.0,,14.3116175,,28.0060075,,1.0,,0.0001333333333333333,,14.0465,,0.03163,,0.02036242,,6.801137447357178,,0.5710999369621277,,3.803896188735962,
2003-09-19T03:24:00.000Z,34.683,-22.993,2.617,1.0,,151365.9184335,,117649.7225,,33683.81,,29.3859335,,1.0,,0.0152112676056338,,25.1102,,100.0,,0.019502935,,0.018267772626131773,0.008025687845685971,0.02053811587393284,0.009435465025516454,1.014876663684845,0.039571086010999255
2003-09-19T03:24:00.000Z,34.683,-22.993,14.928,1.0,,201499.310451275,,173737.35,,27754.3325,,3.594942525,,1.0,,0.02254777070063694,,25.1209,,40.110122,,0.018985019,,0.010195300681516528,0.005702267418176774,0.0323029849678278,0.0025739844297232245,0.7809635102748871,0.024573087821549103
2003-09-19T03:24:00.000Z,34.683,-22.993,24.018,1.02682275,,208944.641081499,,173544.4,,35389.9575,,6.94658925,,1.3101695,,0.018375,,25.0992,,29.150598,,0.025541589,,0.009567487053573132,0.0017698172917793025,0.03625846095383167,0.0011551107746039769,0.8253703713417053,0.0049115408443685254
2003-09-19T03:24:00.000Z,34.683,-22.993,40.494,1.0,,105896.950533,,8494.155,,96791.9325,,607.925075,,0.937958,,0.01112462006079027,,21.2364,,16.42333,,0.040058028,,0.026873410679399967,0.010461394392345525,0.03421567380428314,0.0007640169963812316,0.8936695754528046,0.005884163667454426
2003-09-19T03:24:00.000Z,34.683,-22.993,68.221,5.45887425,,68083.745668,,84.748915,,26589.2875,,41397.3225,,5.92787875,,0.0164,,17.2479,,5.945544,,0.079876147,,0.3116254210472107,0.034248697687346535,0.04502579942345619,0.0018277876477280053,0.9756565093994141,0.004605470430482412
2003-09-19T03:24:00.000Z,34.683,-22.993,88.301,138.953725,,21744.836351035,,24.05932,,780.11995,,20799.7425,,0.960856034999999,,0.005666666666666666,,16.3299,,2.42063,,0.19092878,,0.7194256484508514,0.08474268739897461,0.06817281246185303,0.006069925902266192,1.0454305410385132,0.02000913203684992
2003-09-19T03:24:00.000Z,34.683,-22.993,108.47,471.4615,,5500.715618,,11.10372475,,37.189195,,4978.90825,,1.05294825,,0.0008666666666666667,,15.7366,,1.04334,,0.10021385,,,,,,,
2003-09-19T03:24:00.000Z,34.683,-22.993,154.013,6.25122525,,67.7629385,,5.4005115,,8.53397175,,44.813025,,1.8265235,,0.00033333333333333343,,14.9689,,0.262941,,0.019904863,,2.7670795917510986,,0.1973685622215271,,1.7665226459503174,
2003-09-19T03:24:00.000Z,34.683,-22.993,203.323,1.4504155,,48.02658425,,14.577415,,10.679849,,19.75311025,,0.5657945,,6.659267480577136e-05,,14.6052,,0.083947,,0.0099423099,,3.999629497528076,,0.3562812805175781,,1.9828683137893677,
2003-09-19T10:53:00.000Z,33.493,-22.108,16.514,1.0,,109868.01075775,,103615.905,,6247.145,,1.96075775,,1.0,,0.01426666666666667,,25.2342,,35.331942,,0.0099987901,,0.006231495877727866,0.0006379896875273086,0.040511416271328926,0.0025481484115860466,0.7074081599712372,0.018049767196426966
2003-09-19T10:53:00.000Z,33.493,-22.108,32.63,1.0,,138361.6963757,,95418.7025,,42917.44,,23.3193775,,0.2344982,,0.01873333333333333,,22.4521,,20.35539,,0.020928903,,0.008913514669984579,0.0014246036508832052,0.04409670643508434,0.0014175855420616333,0.7308831214904785,0.028230633482172997
2003-09-19T10:53:00.000Z,33.493,-22.108,57.561,1.0,,148319.50085,,74899.3275,,72926.32,,490.85335,,1.0,,0.02346666666666667,,20.0825,,9.316157,,0.040030557,,0.051718661561608315,0.026654170126293484,0.03917607106268406,0.001206967203340568,0.8030992448329926,0.027783160391532835
2003-09-19T10:53:00.000Z,33.493,-22.108,72.948,0.6832705,,156048.43443075,,61536.97,,90635.6,,3873.853,,0.32816025,,0.01746666666666667,,19.4006,,6.13007,,0.07054436,,0.14340848475694656,0.026047331898899538,0.04129337705671787,0.00018762459868034058,0.8245489001274109,0.004763521112398265
2003-09-19T10:53:00.000Z,33.493,-22.108,93.249,21.875755,,36609.0661461749,,9263.50349999999,,10602.40075,,16719.07,,1.216141175,,0.0046,,18.6348,,2.862769,,0.10732573,,0.3754677474498749,0.03803833157120357,0.05882480554282665,0.0023896920662532764,0.8930140137672424,0.022991021568995674
2003-09-19T10:53:00.000Z,33.493,-22.108,113.263,4780.21624999999,,8371.62388574999,,183.2839,,35.299625,,3367.66575,,4.15836075,,0.0004,,18.0071,,1.266391,,0.12938054,,,,,,,
2003-09-19T10:53:00.000Z,33.493,-22.108,122.933,3124.5165,,4588.7418675,,50.25314,,15.7010475,,1393.7655,,3.50568,,6.666666666666667e-05,,17.8377,,0.799615,,0.098996883,,1.894469976425171,,0.10119260847568512,,1.2514681816101074,
2003-09-19T10:53:00.000Z,33.493,-22.108,162.806,2126.70375,,2630.445304975,,19.1001675,,9.201956,,473.08415,,1.355281475,,0.0,,17.2987,,0.247846,,0.038959609,,,,,,,
2003-09-19T10:53:00.000Z,33.493,-22.108,203.545,41.9021225,,252.510657499999,,9.67117025,,9.011529,,190.663325,,0.26251075,,0.0002,,16.6523,,0.085595,,0.019999999,,3.941558361053467,,0.3449305295944214,,1.8966318368911743,
2003-09-20T10:50:00.000Z,29.357,-20.896,16.288,1.0,,72018.8922499999,,67042.9,,4971.99224999999,,1.0,,1.0,,0.02586666666666667,,24.9225,,39.959842,,0.02056823,,0.013926699291914701,0.00032337498792237436,0.06625289842486382,0.005229965553224393,0.5352489352226257,0.009142241497892068
2003-09-20T10:50:00.000Z,29.357,-20.896,32.071,1.0,,99486.7617499999,,92488.0524999999,,6994.70925,,1.0,,1.0,,0.02233333333333333,,24.6926,,22.188144,,0.018874481,,0.0031940718181431293,0.004517099684411704,0.06869075074791908,0.0037748877552342876,0.48433566093444824,0.0017868999363163743
2003-09-20T10:50:00.000Z,29.357,-20.896,50.316,1.0,,57604.282925,,29180.6725,,28418.375,,2.235425,,1.0,,0.01908787541713014,,20.8717,,11.664753,,0.030220699,,0.02044131001457572,0.007894508413873846,0.04729539342224598,0.00037088963271783554,0.538096159696579,0.01564992564221666
2003-09-20T10:50:00.000Z,29.357,-20.896,62.381,1.0,,111555.09861025,,44960.28,,66583.6075,,8.21111025,,1.0,,0.02106666666666667,,20.1874,,7.948361,,0.039999982,,0.009951023384928703,0.00045974177482387997,0.04770493321120739,0.002206895915905465,0.5631692111492157,0.008568159274325181
2003-09-20T10:50:00.000Z,29.357,-20.896,82.381,1.0,,97370.875975,,35519.0275,,61164.3425,,684.505975,,1.0,,0.02306666666666667,,18.8907,,4.084977,,0.060235994,,0.13947494700551033,0.061855931864838835,0.06659463047981262,0.004777608696513031,0.592719703912735,0.028471587015109778
2003-09-20T10:50:00.000Z,29.357,-20.896,102.498,284.3392,,35257.5309715,,14128.3635,,2342.4845,,18490.5525,,10.7912715,,0.0009333333333333333,,18.1615,,2.004634,,0.07998716,,0.7992860078811646,,0.07297562807798386,,0.8063400983810425,
2003-09-20T10:50:00.000Z,29.357,-20.896,112.767,1104.906725,,5998.92422375,,730.03315,,105.9379325,,4049.57975,,7.46666625,,0.0001333333333333333,,17.851,,1.457155,,0.12005538,,,,,,,
2003-09-20T10:50:00.000Z,29.357,-20.896,153.256,2099.93775,,2290.4868735,,18.29551675,,3.76108175,,166.492525,,1.0,,0.0001333333333333333,,17.2061,,0.360981,,0.049882552,,3.253357172012329,,0.140662282705307,,1.1559350490570068,
2003-09-20T10:50:00.000Z,29.357,-20.896,203.806,159.069325,,206.2529457,,39.4071725,,3.98008725,,1.79636095,,1.0,,0.0,,16.2062,,0.098554,,0.016093475,,5.101150989532471,,0.2681906223297119,,1.5321416854858398,
2003-09-21T10:52:00.000Z,25.085,-20.744,15.606,1.0,,151975.6980245,,146787.55,,5184.3525,,0.7955245,,1.0,,0.02626086956521739,,25.1187,,40.097381,,0.020004005,,0.001174028031527996,0.0016603263647930796,0.04837537184357643,0.0005547631618807065,0.29972340166568756,0.024752780910175298
2003-09-21T10:52:00.000Z,25.085,-20.744,26.419,1.0,,150984.62854175,,145103.4,,5877.954,,0.27454175,,1.0,,0.02226666666666667,,25.1093,,25.444978,,0.019956389,,0.026401029899716377,0.013596533816943935,0.05426926165819168,0.008907325501004473,0.31725452840328217,0.051084993894872095
2003-09-21T10:52:00.000Z,25.085,-20.744,44.641,1.0,,132855.064121,,126992.43,,5857.23775,,2.396371,,1.0,,0.0202,,25.058,,14.91872,,0.03007509,,0.04570177383720875,0.0012769362402247162,0.06203470937907696,0.000904505613358201,0.28818361461162567,0.035429715602894554
2003-09-21T10:52:00.000Z,25.085,-20.744,52.392,0.4582485,,126731.3990485,,101239.575,,25049.7275,,439.6383,,1.0,,0.0192,,22.1282,,11.456591,,0.040151595,,0.05689866282045841,0.01528737581714792,0.06603361293673515,0.00241928705644202,0.21123817563056946,0.025199706091784818
2003-09-21T10:52:00.000Z,25.085,-20.744,62.406,1.73786775,,122241.73386775,,97196.4575,,23824.395,,1217.1435,,1.0,,0.02066666666666667,,21.2189,,7.571941,,0.060013036,,0.08468203619122505,0.0034642444082847433,0.07474223524332047,0.003914620363116093,0.2653093785047531,0.009939807385687971
2003-09-21T10:52:00.000Z,25.085,-20.744,82.612,59.636675,,54326.55994,,41584.06,,7758.785,,4919.53975,,3.538515,,0.01806666666666667,,20.2255,,3.803097,,0.060981389,,0.3944423347711563,0.2848372320013849,0.061915719881653786,0.022175445805995456,0.3013550341129303,0.012580792133653358
2003-09-21T10:52:00.000Z,25.085,-20.744,102.824,3108.03,,8087.85134599999,,3149.59675,,125.271,,1695.043,,8.910596,,0.001,,19.687,,1.689254,,0.14066256,,1.8022733926773071,,0.08576536923646927,,0.6187349557876587,
2003-09-21T10:52:00.000Z,25.085,-20.744,153.009,106.361623,,128.95643945,,15.7565925,,1.71647135,,3.1217526,,1.0,,6.666666666666667e-05,,17.8134,,0.324736,,0.03000533,,4.846194744110107,,0.15655113756656647,,1.6554957628250122,
2003-09-21T10:52:00.000Z,25.085,-20.744,203.535,1.18127975,,33.46722695,,27.583275,,2.4225846,,0.2800876,,1.0,,0.0,,16.52,,0.085405,,0.02,,8.15394115447998,,0.2892451286315918,,1.9982777833938599,
2003-09-22T11:01:00.000Z,20.808,-20.582,7.89,1.509235675,,53093.370428175,,52932.5375,,71.3467725,,85.9769199999999,,1.0,,0.19886666666666672,,25.6455,,59.610324,,0.15940421,,0.48294922709465027,0.05688623363788134,0.11199397966265678,0.006285048685421859,0.36059632897377014,0.07225596703119758
2003-09-22T11:01:00.000Z,20.808,-20.582,17.296,1.906602,,62413.0867045,,62259.79,,62.856285,,86.5338175,,1.0,,0.20533333333333328,,25.6177,,25.015782,,0.20704806,,0.46698227524757385,0.02473139138455602,0.12271923571825027,0.005961892992820643,0.368309810757637,0.01981186371239468
2003-09-22T11:01:00.000Z,20.808,-20.582,27.28,0.01059117,,95577.8976761699,,95346.6825,,81.445885,,147.7587,,1.0,,0.2052,,25.621,,15.384708,,0.21493399,,0.911586731672287,0.4252688242923191,0.19034577161073685,0.053297629684709136,0.452216312289238,0.08024778922556054
2003-09-22T11:01:00.000Z,20.808,-20.582,42.484,38.7241025,,17522.256170175,,16860.2175,,53.0772875,,567.23375,,2.003530175,,0.6836666666666668,,23.1678,,5.026852,,0.47025888,,4.056260108947754,0.8064195919688897,0.3422597348690033,0.044939203665286295,0.41548091173171997,0.015765745181924598
2003-09-22T11:01:00.000Z,20.808,-20.582,52.588,3139.0855,,4469.298857,,386.5637,,52.3811125,,878.0588,,12.2097445,,0.2034,,17.2634,,3.248687,,0.15785514,,6.087496280670166,0.5359777635903704,0.45686787366867065,0.03319296127899715,0.47283485531806946,0.006222181392511797
2003-09-22T11:01:00.000Z,20.808,-20.582,67.731,2239.2815,,2331.7095671,,67.5015925,,0.28567575,,22.278585,,1.36221385,,0.027866666666666668,,16.1679,,1.693769,,0.058860759,,7.530190467834473,0.34312794614561903,0.6026284098625183,0.06682795870517655,0.6477004289627075,0.04121135706134623
2003-09-22T11:01:00.000Z,20.808,-20.582,82.67,699.46845,,751.23617825,,47.5129925,,0.12130275,,2.133433,,1.0,,0.012133333333333331,,15.4722,,0.996643,,0.041459585,,10.13923692703247,0.8587700239168772,0.40732337534427643,0.004725188553677607,0.9725861251354218,0.08410643857385416
2003-09-22T11:01:00.000Z,20.808,-20.582,102.541,81.49599,,125.780015,,40.284025,,1.0,,1.0,,1.0,,0.009066666666666666,,15.1484,,0.549166,,0.03003612,,13.045711517333984,,0.5044108033180237,,1.4916950464248657,
2003-09-22T11:01:00.000Z,20.808,-20.582,204.13,0.6365985,,13.51383225,,8.87723375,,1.0,,1.0,,1.0,,0.0028666666666666667,,14.0332,,0.039147,,0.030014218,,18.78882598876953,,0.753544270992279,,8.271225929260254,
2003-09-23T12:15:00.000Z,20.327,-17.771,1.975,1.0,,121.46329605,,107.3990975,,1.0,,10.06419855,,1.0,,0.0472,,21.9694,,100.0,,1.0742885,,2.285281181335449,0.03244936443071945,0.19120719283819199,0.006945663657337676,1.0810510516166687,0.33515283517669064
2003-09-23T12:15:00.000Z,20.327,-17.771,12.144,1.0,,85.20249175,,69.5874075,,1.419746,,11.19533825,,1.0,,0.04513333333333333,,21.7049,,19.908957,,1.423407,,2.6451863050460815,0.248218469508301,0.2150835022330284,0.005073732454150573,1.24158376455307,0.30046361862870824
2003-09-23T12:15:00.000Z,20.327,-17.771,26.845,30.8237925,,36840.9483175,,27734.025,,466.243025,,8607.8565,,1.0,,0.46133333333333343,,21.2219,,3.982649,,0.42993196,,4.67679500579834,0.9438796839258361,0.30588673055171967,0.03365154006421993,2.082563281059265,0.22083009864676972
2003-09-23T12:15:00.000Z,20.327,-17.771,42.065,1968.373,,8747.25854645,,3103.83075,,48.2745525,,3624.8775,,0.90274395,,0.17233333333333328,,19.7098,,1.502571,,0.29837578,,10.168770790100098,1.273830165003433,0.5044618397951126,0.07109606468675352,1.5117542743682861,0.003310719244227748
2003-09-23T12:15:00.000Z,20.327,-17.771,62.053,4445.93225,,4601.55486549999,,58.2257925,,0.91576725,,88.3559499999999,,7.12510575,,0.01073333333333333,,16.587,,0.506979,,0.11500948,,,,,,,
2003-09-23T12:15:00.000Z,20.327,-17.771,81.871,1281.1146,,1366.732030225,,57.012755,,1.0,,25.802695,,0.801980225,,0.0066,,15.7326,,0.224139,,0.06280303,,,,,,,
2003-09-23T12:15:00.000Z,20.327,-17.771,102.212,717.963575,,776.65277225,,41.957685,,1.0,,13.73151225,,1.0,,0.0062,,15.1815,,0.104526,,0.091757557,,,,,,,
2003-09-23T12:15:00.000Z,20.327,-17.771,153.081,29.1529525,,45.93342095,,12.600331,,1.0,,1.18013745,,1.0,,0.003466666666666667,,14.216,,0.019129,,0.043052414,,,,,,,
2003-09-23T12:15:00.000Z,20.327,-17.771,203.788,1.01195675,,14.773135,,9.76117825,,1.0,,1.0,,1.0,,0.002066666666666667,,13.5136,,0.004435,,0.039302968,,,,,,,
2003-09-24T11:05:00.000Z,17.141,-19.015,6.856,1.0,,361428.207512525,,361403.775,,19.9437975,,1.488715025,,1.0,,0.7096115427302997,,28.6215,,61.523771,,0.078812073,,0.9196244776248932,0.020282201468352003,0.09116679057478905,0.017613457752286128,0.23691236227750778,0.07723482692935013
2003-09-24T11:05:00.000Z,17.141,-19.015,16.717,1.0,,392711.2174365,,392677.45,,25.6926825,,5.074754,,1.0,,0.6355333333333334,,28.573,,29.466142,,0.087696533,,0.8963979184627533,0.033357586869280705,0.07629487290978432,0.007422918764806849,0.5665829479694366,0.19336919305895117
2003-09-24T11:05:00.000Z,17.141,-19.015,31.701,1.65741545,,244418.46474045,,241321.925,,272.101575,,2820.78075,,1.0,,0.22433333333333327,,22.4363,,16.208598,,0.13191303,,2.1474056243896484,1.0601321560616768,0.24063143134117126,0.11473387903714467,1.3988484740257263,0.45392788048960536
2003-09-24T11:05:00.000Z,17.141,-19.015,41.423,35.6868375,,16901.7677625,,13559.96475,,216.678925,,3087.43725,,1.0,,0.2012,,20.9648,,8.241568,,0.25925274,,6.571279525756836,1.8944441952002882,0.5115807205438614,0.09489242823709536,2.36810302734375,0.3940170625620367
2003-09-24T11:05:00.000Z,17.141,-19.015,51.699,6392.0095,,7684.78628875,,571.821975,,4.27491725,,699.397025,,16.2828715,,0.011066666666666669,,20.0111,,5.48705,,0.1691866,,11.45195484161377,1.2959731076866925,0.6867436170578003,0.026170916995445607,3.3826067447662354,0.2579275861186646
2003-09-24T11:05:00.000Z,17.141,-19.015,66.528,3613.8295,,3798.98393499999,,91.6036025,,1.0,,76.3788825,,15.17195,,0.0036,,18.7715,,2.687543,,0.11984134,,16.454849243164062,0.9323476318236793,0.7605642676353455,0.04802945274495356,4.1673524379730225,0.13703693759789703
2003-09-24T11:05:00.000Z,17.141,-19.015,81.707,1377.6105,,1517.72976825,,113.937745,,1.0,,20.4126575,,3.76886575,,0.0054,,16.4297,,1.481682,,0.070403149,,19.101062774658203,0.5137896394855073,0.7413082718849182,0.020296404956300175,4.591987133026123,0.13088788098755164
2003-09-24T11:05:00.000Z,17.141,-19.015,101.782,690.891425,,819.2374805,,119.56522,,1.0,,6.1684875,,0.612348,,0.009133333333333334,,15.72,,0.786641,,0.039999623,,21.769935607910156,,0.8963168859481812,,5.27464485168457,
2003-09-24T11:05:00.000Z,17.141,-19.015,203.054,182.196631,,280.711581075,,87.821005,,1.0,,7.693945075,,1.0,,0.003933333333333333,,12.6732,,0.047961,,0.041808142,,26.312387466430664,,1.3608659505844116,,11.038187026977539,
2003-09-25T12:31:00.000Z,12.516,-20.991,11.028,1.0,,160762.937155,,160743.75,,15.187155,,1.0,,1.0,,0.5296,,28.2976,,47.752153,,0.040869692,,1.0204169154167175,0.13623960351776793,0.3165207803249359,0.023840533447581254,1.1630288362503052,0.030648513887545966
2003-09-25T12:31:00.000Z,12.516,-20.991,25.629,0.76171625,,295211.36096625,,294813.575,,204.417425,,190.606825,,1.0,,0.7802,,23.4852,,21.034484,,0.10039682,,2.3080663681030273,0.3677868870975848,0.4983997195959091,0.09016848301544882,1.450365662574768,0.29531403238395015
2003-09-25T12:31:00.000Z,12.516,-20.991,40.562,49.7365175,,17638.9192675,,9323.71125,,326.80625,,7936.66525,,1.0,,0.1296666666666667,,17.2706,,6.905096,,0.496063,,2.982350468635559,1.6611426754917509,1.2293781042099,0.15310601364855453,3.593667984008789,0.4492921486218921
2003-09-25T12:31:00.000Z,12.516,-20.991,50.879,558.202749999999,,5696.36962749999,,2998.6155,,130.2618775,,2007.2895,,1.0,,0.05373333333333333,,16.3107,,4.399688,,0.21206461,,8.369281530380249,0.9768604358225809,1.5255951881408691,0.012984095327054102,4.926258087158203,0.6343033265931934
2003-09-25T12:31:00.000Z,12.516,-20.991,65.729,4106.5675,,4487.7450095,,178.452475,,2.2042595,,198.520775,,1.0,,0.0088,,14.8714,,2.067605,,0.14047285,,19.729178428649902,1.9115450261024922,1.5936726927757263,0.028470954812382116,7.3066911697387695,0.4125886498898771
2003-09-25T12:31:00.000Z,12.516,-20.991,80.846,1335.622325,,1431.94781125,,85.60216,,1.0,,7.72332625,,1.0,,0.0022666666666666673,,14.139,,1.287613,,0.08008023,,23.682950019836426,0.1146569610386123,1.655670404434204,0.0010614262328983552,7.9021806716918945,0.14079475061112834
2003-09-25T12:31:00.000Z,12.516,-20.991,101.296,490.357675,,537.945145975,,42.998435,,1.0,,1.589035975,,1.0,,0.002933333333333333,,13.7421,,0.573876,,0.05006011,,23.070457458496094,,1.6662739515304565,,8.487298011779785,
2003-09-25T12:31:00.000Z,12.516,-20.991,151.967,12.74003925,,63.41772425,,46.677685,,1.0,,1.0,,1.0,,0.0016666666666666672,,12.9303,,0.142214,,0.029914215,,27.47019386291504,,1.7158203125,,9.22870922088623,
2003-09-25T12:31:00.000Z,12.516,-20.991,202.469,4.839964,,31.500034,,22.66007,,1.0,,1.0,,1.0,,0.0016,,12.249,,0.039131,,0.02998309,,27.9967041015625,,1.7368838787078857,,10.050905227661133,
2003-09-26T11:03:00.000Z,9.001,-22.138,7.424,1.0,,205694.836389999,,205598.55,,92.28639,,1.0,,1.0,,0.12693333333333331,,28.2183,,63.079327,,0.029578932,,0.3355521410703659,0.00408982481237588,0.07985757291316986,0.0012942138139361507,3.6350587606430054,0.028899082499555775
2003-09-26T11:03:00.000Z,9.001,-22.138,21.29,1.0,,200489.203320249,,200406.05,,79.18863,,0.96469025,,1.0,,0.1384666666666667,,28.2659,,27.76817,,0.040906436,,1.2859805226325989,0.23088793828171245,0.10831021890044212,0.012222022354060436,2.907560110092163,0.06740157731340982
2003-09-26T11:03:00.000Z,9.001,-22.138,41.002,0.955064,,171011.483764,,162116.85,,1139.0552,,7752.6235,,1.0,,0.09446666666666666,,22.5481,,11.580133,,0.11381823,,6.5302817821502686,1.2349589695588057,0.4905559718608856,0.12610872339435583,4.482268810272217,0.5428136452440494
2003-09-26T11:03:00.000Z,9.001,-22.138,50.706,28.07951225,,19252.5191658212,,10507.0065,,264.839825,,8450.52975,,1.06357857125,,0.04093333333333333,,19.1848,,7.91832,,0.14188258,,7.942111492156982,2.9128698530243127,0.8222131729125977,0.10917095864904029,5.496579647064209,0.45019240530608484
2003-09-26T11:03:00.000Z,9.001,-22.138,61.115,1936.58485,,4695.70905824999,,1566.53775,,51.2386875,,1136.912075,,3.43569575,,0.0017333333333333328,,16.7427,,4.007865,,0.29329951,,8.25160026550293,0.8549336491780215,1.0742655992507935,0.07634783596572624,6.771318197250366,0.45580063355633843
2003-09-26T11:03:00.000Z,9.001,-22.138,81.229,2695.32825,,2906.2772122,,70.1160925,,1.49204295,,137.611,,0.72982675,,0.0006666666666666668,,14.7431,,1.609001,,0.11095376,,10.449790000915527,0.07120322304909246,1.4065300822257996,0.04132355197208223,8.373060703277588,0.2417644383021308
2003-09-26T11:03:00.000Z,9.001,-22.138,101.288,1338.014,,1393.06147568262,,42.8069524999999,,0.0296855,,11.1068085,,0.104029182625,,0.0002,,13.6765,,0.76912,,0.079860224,,9.782013893127441,,1.4901790618896484,,9.124746322631836,
2003-09-26T11:03:00.000Z,9.001,-22.138,161.804,54.1575575,,95.42578225,,38.5486625,,0.2841955,,0.43536675,,1.0,,0.0002,,11.7612,,0.143344,,0.019999998,,,,,,,
2003-09-26T11:03:00.000Z,9.001,-22.138,202.361,6.7794095,,39.03649298,,29.851275,,0.171294655,,0.234513825,,1.0,,0.0004,,11.5764,,0.045707,,0.029906145,,25.774951934814453,,1.641370177268982,,10.863715171813965,
2003-09-27T11:57:00.000Z,4.851,-23.455,0.0,1.0,,136320.6951045,,136305.375,,11.3201045,,1.0,,1.0,,0.08466666666666665,,28.45,,100.0,,0.04,,0.1987457349896431,0.06793069938632772,0.13031571358442307,0.006076026658588144,3.09695303440094,0.4085899254905575
2003-09-27T11:57:00.000Z,4.851,-23.455,45.3,1.0,,271615.62915,,271444.1,,167.52915,,1.0,,1.0,,0.03453333333333333,,28.673,,9.205396,,0.10495206,,1.2837618589401245,0.013197189793125183,0.14707203209400177,0.001726545649248774,4.311132192611694,0.01506058625948883
2003-09-27T11:57:00.000Z,4.851,-23.455,51.522,0.7784375,,266143.5165773,,265724.35,,416.174525,,0.2136148,,1.0,,0.03653333333333333,,28.3104,,7.834807,,0.090009562,,1.3790425658226013,0.1479444576988194,0.15307127684354782,0.006757667639554833,4.4589879512786865,0.2241602054413125
2003-09-27T11:57:00.000Z,4.851,-23.455,61.52,1.540725,,263358.98148495,,262886.075,,467.063075,,2.30268495,,1.0,,0.03373333333333333,,27.6,,4.85313,,0.089997678,,0.9568757563829422,0.6972655552795265,0.2269567847251892,0.04141652791989726,4.6933817863464355,0.05959227204652329
2003-09-27T11:57:00.000Z,4.851,-23.455,86.333,1573.92125,,38256.81784525,,35323.69,,140.112105,,1205.866625,,12.22786525,,0.005066666666666667,,22.8336,,1.647853,,0.18208601,,6.425864934921265,1.2271108891912892,0.6271898150444031,0.1236503398675639,6.169145107269287,0.04107463268477689
2003-09-27T11:57:00.000Z,4.851,-23.455,101.435,7386.32274999999,,8659.26360899999,,779.4372,,7.12358075,,454.773275,,27.10877325,,0.00046666666666666655,,17.7493,,0.867547,,0.10020376,,3.325199604034424,,0.892382025718689,,6.791097640991211,
2003-09-27T11:57:00.000Z,4.851,-23.455,121.231,903.600275,,943.2654145,,32.67277,,1.0,,3.9923695,,1.0,,0.0008666666666666667,,14.7259,,0.515322,,0.042737276,,11.79446029663086,,1.164191484451294,,8.119285583496094,
2003-09-27T11:57:00.000Z,4.851,-23.455,202.325,62.0136425,,128.0294225,,62.01578,,1.0,,1.0,,1.0,,0.0008666666666666667,,12.8643,,0.058857,,0.020006477,,23.142047882080078,,1.2468316555023193,,10.964640617370605,
2003-09-28T12:01:00.000Z,0.886,-24.711,10.307,1.0,,120185.57435,,119654.05,,366.561525,,161.962825,,1.0,,0.02286666666666667,,26.7941,,48.818753,,0.020227198,,0.1996617540717125,0.04195504874003308,0.06279851123690605,0.000752263294002756,1.416993498802185,0.019526466327703162
2003-09-28T12:01:00.000Z,0.886,-24.711,30.242,0.96875425,,152144.06927925,,151631.675,,379.479125,,129.9464,,1.0,,0.01746666666666667,,26.7304,,21.409565,,0.040000618,,0.08917466551065445,0.020782200068948865,0.08407558128237724,0.00318794020615945,1.9848557114601135,0.052162541297325865
2003-09-28T12:01:00.000Z,0.886,-24.711,47.358,1.00332225,,126081.01829725,,125468.355,,387.9973,,221.662675,,1.0,,0.01793333333333333,,26.7001,,12.059855,,0.050327493,,1.0553891360759735,0.3286427908088494,0.1115148738026619,0.010103979897350032,2.2227182388305664,0.023210438062343387
2003-09-28T12:01:00.000Z,0.886,-24.711,56.121,1.0,,81583.1004249999,,81030.2574999999,,220.6534,,329.189525,,1.0,,0.0156,,26.5506,,8.832154,,0.089634569,,1.7008315920829773,0.10504823822140165,0.13038715720176697,0.005201511162123476,2.3057730197906494,0.03869181845736498
2003-09-28T12:01:00.000Z,0.886,-24.711,67.314,54.6020175,,16045.7075,,13262.12,,205.51065,,2511.29075,,11.1840825,,0.007,,23.632,,4.827057,,0.2399511,,1.204050898551941,0.12921397675209298,0.1604444980621338,0.007604598023669121,2.3612245321273804,0.07415737995491804
2003-09-28T12:01:00.000Z,0.886,-24.711,82.306,646.783275,,11703.7085454875,,5618.89625,,152.68245,,5266.609,,17.05735475,,0.007333333333333334,,22.1922,,2.210762,,0.17219616,,4.985793948173523,1.863230744955302,0.41259823739528656,0.08267435188172675,3.000458002090454,0.27643072696452325
2003-09-28T12:01:00.000Z,0.886,-24.711,100.049,2111.15075,,2538.11715724999,,98.32956,,2.5190495,,314.153075,,10.96472275,,0.00131434830230011,,16.653,,1.163224,,0.089964244,,12.515443801879883,,0.7748365998268127,,4.977565765380859,
2003-09-28T12:01:00.000Z,0.886,-24.711,152.051,158.756245,,186.51186575,,15.2845025,,1.0,,8.11887075,,2.3522475,,0.0002,,14.1363,,0.223077,,0.031913349,,20.517822265625,,1.0081762075424194,,8.815400123596191,
2003-09-28T12:01:00.000Z,0.886,-24.711,202.013,25.1977875,,54.025940375,,25.0213825,,1.0,,0.806770374999999,,1.0,,0.0001333333333333333,,13.468,,0.068385,,0.0089377674,,22.351091384887695,,1.1733810901641846,,9.079580307006836,
2003-09-29T11:49:00.000Z,-3.833,-24.997,11.927,1.0,,188784.6927975,,188508.85,,172.76875,,100.0740475,,1.0,,0.06753333333333333,,26.0247,,48.897111,,0.020219319,,0.2944949269294739,0.05571396119339933,0.057733528316020966,0.0014824047608933565,0.6654878854751587,0.006893201367653741
2003-09-29T11:49:00.000Z,-3.833,-24.997,21.77,1.0,,161070.8011775,,160877.5,,124.01354,,66.2876375,,1.0,,0.06623294858342078,,26.0141,,29.065111,,0.030006457,,0.1236567310988903,0.14313384275156626,0.080445297062397,0.009764645083276695,0.686653196811676,0.01266293634140109
2003-09-29T11:49:00.000Z,-3.833,-24.997,36.107,1.0,,253185.01215,,252769.5,,240.976325,,171.535825,,1.0,,0.06666666666666667,,26.0018,,18.654682,,0.042415244,,0.0268459627404809,0.000983126607988226,0.08821455389261246,0.005426533186323139,0.9002475142478943,0.10049384977131445
2003-09-29T11:49:00.000Z,-3.833,-24.997,51.902,1.0,,193368.0841325,,193078.8,,183.970575,,102.3135575,,1.0,,0.06606666666666668,,25.9885,,10.645101,,0.049999781,,1.4970313906669617,0.18728415751149383,0.07553263008594513,0.004964751240613529,1.2812107801437378,0.04879593533197268
2003-09-29T11:49:00.000Z,-3.833,-24.997,61.968,1.0,,198355.8396725,,198057.7,,163.776675,,131.3629975,,1.0,,0.03726666666666667,,25.973,,6.836454,,0.068669759,,1.7584148049354553,0.06193049490821067,0.06624537892639637,0.008104920628163911,1.376078486442566,0.04029339870077896
2003-09-29T11:49:00.000Z,-3.833,-24.997,79.992,78.1287875,,19058.0824025,,13334.06075,,124.783565,,5483.3855,,36.7238,,0.010133333333333331,,23.8481,,3.105002,,0.24584116,,1.3480338156223297,0.7062012561462909,0.23467642813920975,0.10254027946404878,1.749298095703125,0.20667078059583785
2003-09-29T11:49:00.000Z,-3.833,-24.997,101.739,3118.61325,,3438.61523975,,184.425675,,2.6545205,,129.211675,,2.71011925,,0.0008666666666666667,,16.8015,,1.104777,,0.0899693,,14.158260345458984,,0.7544320821762085,,4.664252281188965,
2003-09-29T11:49:00.000Z,-3.833,-24.997,152.194,647.173,,675.4114225,,21.0241975,,1.0,,4.214225,,1.0,,0.0006,,13.4086,,0.235037,,0.040012726,,20.747201919555664,,1.1493290662765503,,10.245356559753418,
2003-09-29T11:49:00.000Z,-3.833,-24.997,202.301,58.39184575,,107.6861885,,45.2431275,,1.0,,1.05121525,,1.0,,0.0006666666666666668,,12.4646,,0.062598,,0.030000011,,22.270959854125977,,1.3704566955566406,,11.78756332397461,
2003-09-30T11:54:00.000Z,-7.835,-24.998,13.393,1.0,,148708.655785,,148493.2,,164.9987,,47.457085,,1.0,,0.01633333333333333,,26.1233,,39.515733,,0.03,,0.2816934734582901,0.030003646031905033,0.1466822251677513,0.0002324925530982192,0.3408702611923218,0.0021470869036904748
2003-09-30T11:54:00.000Z,-7.835,-24.998,33.12,1.0,,125234.501357499,,125041.625,,133.1191,,56.7572575,,1.0,,0.01586666666666667,,26.0877,,18.184782,,0.039701838,,0.11316556110978127,0.0264139093821791,0.14740249514579773,0.004194327923258642,0.3527054786682129,0.015563777483860394
2003-09-30T11:54:00.000Z,-7.835,-24.998,52.986,1.0,,119532.8433075,,119343.5075,,135.962775,,50.3730325,,1.0,,0.01833333333333333,,26.0867,,9.294043,,0.037729609,,0.6988388299942017,0.023297007689184763,0.13038934767246246,0.0006827578724522278,0.37044811248779297,0.008669691032387924
2003-09-30T11:54:00.000Z,-7.835,-24.998,73.132,1.737269,,108193.073819,,107137.875,,229.58035,,821.8812,,1.0,,0.033,,25.8797,,4.594422,,0.068113295,,0.12382450699806213,0.03299173115078188,0.15736253559589386,0.014888901072079703,0.6128042638301849,0.09108983419732121
2003-09-30T11:54:00.000Z,-7.835,-24.998,83.126,1.0,,35025.5956835,,28424.9625,,449.674575,,6146.443,,2.5156085,,0.02333333333333333,,24.9983,,3.23354,,0.13922871,,0.34226807951927185,0.2458468241957445,0.19528134912252426,0.020765720651181107,0.7120269536972046,0.028108744796279492
2003-09-30T11:54:00.000Z,-7.835,-24.998,92.86,4.1238905,,5090.55835,,1862.08725,,72.5864275,,3131.71825,,19.042532,,0.006466666666666667,,23.3213,,2.12596,,0.25056717,,2.417581796646118,1.085802958552692,0.24749979376792908,0.03184008958864596,0.9776760339736938,0.15253669401886938
2003-09-30T11:54:00.000Z,-7.835,-24.998,102.97,669.976524999999,,2779.47727249999,,245.876475,,23.374895,,1789.804975,,49.4444025,,0.001266666666666667,,21.2229,,1.207714,,0.15919158,,4.749365329742432,,0.3565044701099396,,1.370177984237671,
2003-09-30T11:54:00.000Z,-7.835,-24.998,143.264,392.5618495,,416.3268366,,17.902975,,0.75622375,,3.82285775,,0.2829306,,0.00046666666666666655,,15.7827,,0.299537,,0.03,,,,,,,
2003-09-30T11:54:00.000Z,-7.835,-24.998,202.565,28.5120875,,59.8400275,,27.32794,,1.0,,1.0,,1.0,,0.0001333333333333333,,11.1991,,0.070512,,0.02,,21.51879119873047,,1.5328435897827148,,11.950316429138184,
2003-10-01T12:00:00.000Z,-11.939,-24.995,20.417,1.26392,,79550.14930075,,78679.5175,,866.48525,,0.88263075,,1.0,,0.01527272727272727,,25.6607,,29.872904,,0.020157773,,0.8413103520870209,0.00985566120263597,0.09458174929022789,0.007737976994137909,2.123344659805298,0.011107886218743144
2003-10-01T12:00:00.000Z,-11.939,-24.995,34.147,2.538745,,119632.3460545,,118516.175,,1110.74715,,0.8851595,,1.0,,0.01671195652173913,,25.6491,,20.030097,,0.019994501,,0.4460587650537491,0.002822089756016698,0.09746222198009491,0.005750368496856594,2.4725812673568726,0.03175933622689909
2003-10-01T12:00:00.000Z,-11.939,-24.995,42.27,1.17565075,,134098.112655749,,131861.15,,2229.62325,,4.163755,,1.0,,0.01611702127659574,,24.9355,,15.483268,,0.031223901,,0.4201585054397583,0.0223125416016673,0.09328978136181831,0.007922748778009669,2.4868451356887817,0.05396634211989511
2003-10-01T12:00:00.000Z,-11.939,-24.995,58.269,1.44000075,,111641.04985575,,109029.7725,,2554.41,,53.427355,,1.0,,0.00934844192634561,,24.8787,,9.487887,,0.030504206,,0.6818094849586487,0.06562778504698033,0.026028244756162167,0.013307141701266994,1.9799806475639343,0.08424387944684819
2003-10-01T12:00:00.000Z,-11.939,-24.995,82.374,1.98589575,,97125.9451082499,,94774.4449999999,,2145.2925,,202.2217125,,1.0,,0.0067400881057268726,,24.5885,,4.53499,,0.049937451,,0.6262329518795013,0.21164566815351823,0.07215497642755508,0.045567434052477554,2.1692006587982178,0.11502009828538216
2003-10-01T12:00:00.000Z,-11.939,-24.995,102.87,1.0,,73969.2422,,70927.25,,2268.48825,,770.50395,,1.0,,0.0034710743801652888,,24.4267,,2.305139,,0.083189418,,0.4690561592578888,,0.08696583658456802,,2.8019683361053467,
2003-10-01T12:00:00.000Z,-11.939,-24.995,127.564,1.53413175,,3646.00376849999,,1192.25465,,76.083685,,2356.75125,,18.38005175,,0.002804878048780488,,21.8981,,0.783668,,0.1308452,,1.786916732788086,,0.09800898283720016,,3.0539019107818604,
2003-10-01T12:00:00.000Z,-11.939,-24.995,152.56,453.93435,,896.94241025,,37.9264125,,5.57711775,,377.890475,,20.614055,,0.0002,,19.6808,,0.336737,,0.069666138,,6.207892894744873,,0.5285225510597229,,3.778451681137085,
2003-10-01T12:00:00.000Z,-11.939,-24.995,198.456,259.6364,,281.056242749999,,12.8196325,,1.0,,5.60021025,,1.0,,6.666666666666667e-05,,15.0688,,0.09793,,0.019997832,,11.299899101257324,,1.1859523057937622,,6.49836540222168,
2003-10-02T11:52:00.000Z,-16.154,-24.991,23.98,1.0,,97826.40253515,,96043.865,,1778.31675,,1.22078515,,1.0,,0.0214,,24.5148,,30.669817,,0.010000091,,0.9796428084373474,0.0191068523039287,0.21628151834011078,0.008352683511313234,1.306475281715393,0.8970611101386006
2003-10-02T11:52:00.000Z,-16.154,-24.991,41.789,1.0,,115610.21721375,,113339.875,,2264.5775,,2.76471375,,1.0,,0.01313333333333333,,24.2458,,16.740407,,0.009195831,,1.060897409915924,0.03176582684156977,0.219605952501297,0.004020134998363116,1.1512067914009094,0.11043730285939861
2003-10-02T11:52:00.000Z,-16.154,-24.991,52.051,1.0,,113101.6316025,,110395.3075,,2689.4185,,13.9056025,,1.0,,0.01773333333333333,,24.1576,,13.273124,,0.019998267,,0.6186091899871826,0.585632145932813,0.21050139516592026,0.022853696599835053,1.2116983532905579,0.14839576615267402
2003-10-02T11:52:00.000Z,-16.154,-24.991,70.04,1.0,,135409.5537725,,132337.475,,3045.73625,,23.3425225,,1.0,,0.0124,,24.1133,,7.400185,,0.030952266,,0.5748145431280136,0.31856410955731806,0.21499887108802795,0.006553518842080191,1.5924986600875854,0.9499287682115136
2003-10-02T11:52:00.000Z,-16.154,-24.991,82.034,1.0,,140489.8199075,,137425.525,,3038.098,,23.1969075,,1.0,,0.0168,,24.0931,,5.24916,,0.03,,0.2118272635852918,0.295940439426035,0.24037373065948486,0.029707585494540258,2.131858229637146,0.15590979059889323
2003-10-02T11:52:00.000Z,-16.154,-24.991,102.268,1.0,,164473.5757075,,160059.625,,4380.562,,30.3887075,,1.0,,0.0132,,24.0639,,3.001203,,0.029305649,,0.8436161875724792,,0.29707974195480347,,1.4234631061553955,
2003-10-02T11:52:00.000Z,-16.154,-24.991,132.069,1.0,,133954.949,,130484.95,,3065.58875,,401.41025,,1.0,,0.007466666666666667,,23.7774,,1.274986,,0.06000294,,,,,,,
2003-10-02T11:52:00.000Z,-16.154,-24.991,158.316,53.2874675,,2250.1459745,,620.708725,,14.45713025,,1550.063225,,10.62942675,,0.0007333333333333332,,20.7636,,0.441895,,0.12960105,,,,,,,
2003-10-02T11:52:00.000Z,-16.154,-24.991,202.182,422.4518,,465.8345825,,25.552395,,1.0,,14.8303875,,1.0,,0.0005333333333333335,,17.4385,,0.117413,,0.031678068,,6.088621616363525,,0.587766706943512,,5.137591361999512,
2003-10-03T11:58:00.000Z,-20.244,-25.001,21.897,1.5241325,,35216.92225975,,32016.3375,,3191.398,,5.66262725,,1.0,,0.022974472807991118,,23.5185,,30.911093,,0.010000114,,0.3286166489124298,0.007646407697391928,0.29046130180358887,0.005406555580128976,1.2762193083763123,0.8242648205094933
2003-10-03T11:58:00.000Z,-20.244,-25.001,38.065,5.2516825,,64619.439565,,59337.5025,,5239.7835,,34.9018825,,1.0,,0.02526666666666667,,23.3752,,18.585009,,0.015501243,,1.108660340309143,0.01094267057258044,0.3031216263771057,0.027402195027842864,1.0201051533222198,0.030945522729002237
2003-10-03T11:58:00.000Z,-20.244,-25.001,67.989,2.58219825,,62660.85173575,,56279.73,,6301.904,,74.6355375,,1.0,,0.01386666666666667,,23.1235,,8.370325,,0.020017682,,0.29793189838528633,0.3358031768542819,0.23170647770166397,0.13644320440621194,2.6681216955184937,0.3514172197233476
2003-10-03T11:58:00.000Z,-20.244,-25.001,82.384,1.0,,37255.1929,,30903.785,,6208.997,,139.4109,,1.0,,0.010133333333333331,,23.0305,,5.31719,,0.02999737,,0.06739111244678497,0.050552721345028015,0.3512556254863739,0.004851692319483056,2.72406005859375,0.0460004191639421
2003-10-03T11:58:00.000Z,-20.244,-25.001,102.223,1.0,,65197.52953,,57183.5075,,7897.92775,,113.09428,,1.0,,0.01253333333333333,,22.8961,,2.952643,,0.039999945,,1.107601523399353,,0.3673137426376343,,1.8644895553588867,
2003-10-03T11:58:00.000Z,-20.244,-25.001,128.113,1.0,,50341.3428610499,,42813.9575,,6701.77875,,821.205075,,2.40153605,,0.0044666666666666665,,22.697,,1.385198,,0.06005189,,0.4462326765060425,,0.39618468284606934,,2.418067216873169,
2003-10-03T11:58:00.000Z,-20.244,-25.001,157.663,127.88922,,2253.57699675,,381.873175,,66.3413375,,1658.87275,,17.60051425,,0.0007333333333333332,,20.1601,,0.471113,,0.1403408,,,,,,,
2003-10-03T11:58:00.000Z,-20.244,-25.001,172.725,587.3843325,,758.421099,,10.28855075,,5.512819,,148.413125,,5.82227175,,0.0001333333333333333,,18.7667,,0.261108,,0.079128171,,0.7341512441635132,,0.45180168747901917,,2.2790000438690186,
2003-10-03T11:58:00.000Z,-20.244,-25.001,203.052,257.1202255,,272.9830366075,,2.83392925,,2.202836275,,8.8962265,,0.9298190825,,0.00026666666666666673,,17.2233,,0.109891,,0.039713255,,5.033872127532959,,0.3161444067955017,,2.8593122959136963,
2003-10-04T12:00:00.000Z,-23.906,-24.999,20.259,1.0,,106545.21249175,,103801.92,,2732.565,,7.72749175,,1.0,,0.031003717472118962,,22.0244,,34.078984,,0.02,,0.055602047592401505,0.001452280300920195,0.18856634199619293,0.06494646016737748,1.183682143688202,0.2164238142223498
2003-10-04T12:00:00.000Z,-23.906,-24.999,36.561,1.0,,92739.352983,,90127.845,,2601.61625,,6.891733,,1.0,,0.03203814064362336,,22.019,,19.566318,,0.020000142,,0.3526788800954819,0.002885225735086017,0.23984770476818085,0.004550742747691017,1.324395775794983,0.09582996380879594
2003-10-04T12:00:00.000Z,-23.906,-24.999,52.672,1.0,,114353.31536875,,111934.4975,,2409.3595,,6.45836875,,1.0,,0.02765685019206146,,22.012,,11.813517,,0.029718146,,0.21347075514495373,0.26824505297461243,0.2927144169807434,0.04329990199245507,1.7655047178268433,0.12723037747377625
2003-10-04T12:00:00.000Z,-23.906,-24.999,62.524,1.0,,97621.597845,,95243.5275,,2341.0465,,34.023845,,1.0,,0.029707927677329632,,21.9703,,8.203401,,0.029996144,,0.025637994520366192,0.0071522345815126795,0.16801133751869202,0.056761731847380155,2.041727066040039,0.053258106477518045
2003-10-04T12:00:00.000Z,-23.906,-24.999,82.385,1.0,,125640.593482499,,122521.8375,,2998.87525,,116.8807325,,1.0,,0.02898678414096916,,21.6791,,4.471828,,0.03921116,,0.04014424793422222,0.007730588124758343,0.2516649514436722,0.013055175987067725,2.1858761310577393,0.01824655083212433
2003-10-04T12:00:00.000Z,-23.906,-24.999,112.756,7.573635,,119475.462335625,,114867.4425,,3080.95275,,1517.29425,,1.199200625,,0.01306666666666667,,21.7071,,1.788456,,0.069997068,,,,,,,
2003-10-04T12:00:00.000Z,-23.906,-24.999,145.2,599.98175,,6674.5605975,,5060.673,,137.620425,,857.886075,,17.3993475,,0.0005172413793103447,,20.4666,,0.576616,,0.09022092,,0.4005727469921112,,0.3796069920063019,,1.6039878129959106,
2003-10-04T12:00:00.000Z,-23.906,-24.999,173.468,1106.150475,,1227.90698207499,,31.063735,,0.663951825,,84.6800775,,4.34874275,,0.00046666666666666655,,18.3241,,0.231132,,0.049942766,,1.186184287071228,,0.4477194547653198,,1.815666675567627,
2003-10-04T12:00:00.000Z,-23.906,-24.999,203.439,262.0987175,,280.343554975,,12.8720325,,0.366989225,,3.00581575,,1.0,,0.0002,,17.1971,,0.104857,,0.030346919,,3.7330574989318848,,0.2860194444656372,,2.382681369781494,
2003-10-05T11:54:00.000Z,-27.915,-24.996,9.89,1.0,,87358.283825,,69956.58,,16606.575,,792.128825,,1.0,,0.0246,,19.9001,,46.471628,,0.013976498,,0.024611397180706263,0.013224408096184616,0.08439271152019501,0.005459987247328661,1.323870301246643,0.06031989523921536
2003-10-05T11:54:00.000Z,-27.915,-24.996,23.05,1.0,,116795.108599999,,93984.2074999999,,21996.9375,,810.9636,,1.0,,0.022,,19.8087,,27.074951,,0.02,,0.021241902373731136,0.0005467407726844611,0.12321364134550095,0.030342285422977937,1.2350536584854126,0.01094267057258044
2003-10-05T11:54:00.000Z,-27.915,-24.996,38.585,6.8578445,,99026.1377945,,82376.965,,16103.3275,,536.98745,,1.0,,0.02053333333333333,,19.805,,17.34026,,0.020776513,,0.03700530342757702,0.0009850429725064556,0.1455221101641655,0.003510210814941937,1.2812187671661377,0.02871262484174358
2003-10-05T11:54:00.000Z,-27.915,-24.996,69.281,1.04503475,,93142.17953375,,75482.99,,16777.1875,,879.134025,,0.2658765,,0.0198,,19.8042,,6.688806,,0.029999942,,0.022888406179845333,0.004229031901740315,0.1285424679517746,0.010880904366087725,1.4060089588165283,0.014933134189591886
2003-10-05T11:54:00.000Z,-27.915,-24.996,103.471,5.36396125,,112568.75848625,,92575.14,,18968.075,,1018.179525,,1.0,,0.01513333333333333,,19.7875,,2.624348,,0.039987093,,0.019112005829811096,,0.18501310050487518,,1.2995060682296753,
2003-10-05T11:54:00.000Z,-27.915,-24.996,133.679,108.82442,,36526.6535419999,,26093.2525,,7797.1825,,2523.10075,,3.293372,,0.006140155728587319,,19.036,,0.940635,,0.070155836,,,,,,,
2003-10-05T11:54:00.000Z,-27.915,-24.996,153.837,285.944875,,10269.1649567499,,4687.08925,,2283.03925,,3007.0675,,5.02408175,,0.0013333333333333329,,18.203,,0.496337,,0.088946297,,0.7163474559783936,,0.2522406578063965,,1.4035085439682007,
2003-10-05T11:54:00.000Z,-27.915,-24.996,163.832,790.384,,1528.49375325,,38.054245,,8.7295575,,688.0157,,2.31025075,,0.0006666666666666668,,17.2032,,0.362,,0.081022631,,,,,,,
2003-10-05T11:54:00.000Z,-27.915,-24.996,229.552,82.8496074999999,,97.6500000999999,,7.1830125,,2.95716075,,3.5161064,,0.14411295,,0.0005333333333333335,,15.2427,,0.053984,,0.010113168,,5.657238960266113,,0.4263218641281128,,2.512547016143799,
2003-10-06T11:55:00.000Z,-30.867,-28.439,8.767,1.0,,52925.2758475,,16991.6925,,34574.2,,1357.017625,,0.3657225,,0.039406779661016945,,18.3515,,49.335596,,0.0099094228,,0.019747884012758732,0.0018467208023325084,0.12310651317238808,0.015203205926493631,1.1699798107147217,0.03372708829017571
2003-10-06T11:55:00.000Z,-30.867,-28.439,20.028,1.0,,57020.1956965,,18557.14,,37618.01,,841.611825,,1.4338715,,0.03688311688311688,,18.3057,,34.960419,,0.014100283,,0.022081736475229263,0.0020244659163040925,0.11482950299978256,0.0033581871323631425,1.1715465784072876,0.0144774424634921
2003-10-06T11:55:00.000Z,-30.867,-28.439,33.993,19.78256,,89322.447301,,30637.805,,56699.245,,1962.6665,,1.948241,,0.05123287671232877,,18.1671,,20.194865,,0.020000482,,0.03848712705075741,0.001444844016336054,0.12105531617999077,0.001917202186843867,1.1814513802528381,0.0015982927892301234
2003-10-06T11:55:00.000Z,-30.867,-28.439,58.184,3.7682725,,101794.09806025,,35477.18,,63974.2875,,2337.198,,0.66428775,,0.03777777777777778,,18.1658,,9.313696,,0.040684159,,0.04740011505782604,0.014034302595714464,0.1252833977341652,0.0006918510550184533,1.1689532399177551,0.004876643253801505
2003-10-06T11:55:00.000Z,-30.867,-28.439,82.413,8.68812275,,98517.71088975,,30036.805,,66077.5925,,2393.551,,0.53581775,,0.03981308411214953,,18.077,,4.422742,,0.039999782,,0.1287449300289154,0.01893828598330938,0.1385984569787979,0.006085246281699902,1.1790366172790527,0.006188506060551592
2003-10-06T11:55:00.000Z,-30.867,-28.439,102.016,84.1394184999999,,129722.84182075,,37570.9725,,89668.88,,2382.1885,,5.57267225,,0.0580891719745223,,17.9358,,2.319836,,0.059662608,,0.3437969982624054,,0.15458610653877258,,1.2204636335372925,
2003-10-06T11:55:00.000Z,-30.867,-28.439,132.85,61.55107,,50156.3022943498,,9469.16375,,39205.7749999999,,1416.809225,,2.00324935,,0.0326,,17.6507,,0.868727,,0.090056693,,,,,,,
2003-10-06T11:55:00.000Z,-30.867,-28.439,162.702,319.9177,,12471.57918225,,820.456475,,10766.2825,,563.3071725,,0.61533475,,0.01,,16.9478,,0.306472,,0.049952545,,,,,,,
2003-10-06T11:55:00.000Z,-30.867,-28.439,203.084,196.66735,,681.56044175,,28.591473,,427.952525,,24.76412625,,1.0,,0.0005194805194805195,,16.3878,,0.111157,,0.03000009,,4.403571128845215,,0.35941198468208313,,1.970837950706482,
2003-10-07T11:50:00.000Z,-33.809,-32.069,11.001,2.9156455,,64868.1151455,,5193.69375,,54856.68,,4812.82575,,1.0,,0.07446666666666667,,16.9109,,46.925178,,0.051003525,,0.2776252329349518,0.028073046415590764,0.11154096201062202,0.010655276480940716,1.1392717957496643,0.0029744716868078352
2003-10-07T11:50:00.000Z,-33.809,-32.069,19.008,1.8204175,,102398.3876675,,6507.99649999999,,90370.2575,,5516.31325,,1.0,,0.0784,,16.908,,31.60993,,0.050016478,,0.2540358453989029,0.005287385365964422,0.10619205608963966,0.003090781183629711,1.1438742876052856,0.009483378089739244
2003-10-07T11:50:00.000Z,-33.809,-32.069,32.038,8.01908075,,123642.18358075,,6607.22825,,110251.9475,,6772.98875,,1.0,,0.0742,,16.826,,19.202519,,0.060000157,,0.3129945397377014,0.010318644333528143,0.14639479666948318,0.0016992028812773314,1.1293678283691406,0.0029064466733112523
2003-10-07T11:50:00.000Z,-33.809,-32.069,52.154,29.82051,,81959.21476,,5552.826,,70363.7875,,6010.78075,,1.0,,0.0918,,16.7224,,8.603641,,0.088677475,,0.37528152763843536,0.03932817264960672,0.12200310826301575,0.003954364841261866,1.3833653330802917,0.4392164387231808
2003-10-07T11:50:00.000Z,-33.809,-32.069,72.343,2585.783,,78089.1785,,2677.423,,51180.0875,,21643.885,,1.0,,0.10826666666666669,,16.3565,,2.987839,,0.30146319,,0.6199327111244202,0.034521303503515,0.14693225175142288,0.005953442549694208,1.042331337928772,0.0014301268636716562
2003-10-07T11:50:00.000Z,-33.809,-32.069,82.28,2852.94325,,43970.8480999999,,860.34235,,22515.83,,17739.7325,,1.0,,0.06133333333333333,,16.102,,1.598371,,0.20837471,,0.7264331579208374,0.0448835276784034,0.16775178164243698,0.010400883371685024,1.04779851436615,0.012375157659768706
2003-10-07T11:50:00.000Z,-33.809,-32.069,107.54,3996.37525,,5216.36755225,,39.6369225,,454.46145,,723.844775,,1.04915475,,0.004,,15.448,,0.647017,,0.039768579,,,,,,,
2003-10-07T11:50:00.000Z,-33.809,-32.069,163.033,109.9126125,,156.2022244,,1.29099915,,30.53283,,12.46578275,,1.0,,0.01809312638580931,,15.0337,,0.150387,,0.010352843,,,,,,,
2003-10-07T11:50:00.000Z,-33.809,-32.069,202.942,3.8367225,,27.1751232,,0.8033052,,14.042455,,6.4926405,,1.0,,0.0041333333333333335,,14.7914,,0.066301,,0.0099999974,,3.8556768894195557,,0.3104058504104614,,2.1171250343322754,
2003-10-08T04:42:00.000Z,-35.62,-34.355,15.969,1.0,,48160.004925,,174.881175,,46381.6775,,1600.44625,,1.0,,1.033933333333333,,15.5852,,22.513255,,0.31000628,,1.317206621170044,0.01654550402622465,0.1619095876812935,0.001954465269283561,1.5767369866371155,0.00947705606246261
2003-10-08T04:42:00.000Z,-35.62,-34.355,25.563,1.0,,28523.75565,,131.158,,27218.365,,1171.23265,,1.0,,1.1398,,15.5763,,11.95759,,0.32032687,,1.3361188173294067,0.05636399203798285,0.19651108235120773,0.010552043043869346,1.5296799540519714,0.006989211888561557
2003-10-08T04:42:00.000Z,-35.62,-34.355,33.923,1.0,,29154.0635249999,,129.9999,,27890.2075,,1130.856125,,1.0,,1.124333333333333,,15.5874,,7.961542,,0.32003873,,1.4368579983711243,0.08610272405357265,0.2045866921544075,0.0008685938642488874,1.5088489055633545,0.022470339402492087
2003-10-08T04:42:00.000Z,-35.62,-34.355,54.473,1.0,,3279.4319025,,37.6776025,,2973.25025,,265.50405,,1.0,,0.1109333333333333,,15.2757,,2.690062,,0.070297986,,1.8187111616134644,0.10356323616096881,0.17765728384256363,0.006242148461993833,3.5970987677574158,2.9576865358009776
2003-10-08T04:42:00.000Z,-35.62,-34.355,63.339,5.549805,,7130.09452,,29.83814,,6627.879,,464.827575,,1.0,,0.1899333333333333,,15.3064,,1.85957,,0.088636259,,2.076669216156006,0.12132358094867148,0.1887740194797516,0.008786479949611611,1.2975929975509644,0.014791352191201238
2003-10-08T04:42:00.000Z,-35.62,-34.355,79.4,2.03181025,,4079.76160525,,23.11707,,3803.376,,249.236725,,1.0,,0.1284666666666667,,15.1702,,1.018394,,0.089989827,,2.3740363121032715,0.033705340516344086,0.22362880408763885,0.007717151182617464,1.467865228652954,0.08959509621488236
2003-10-08T04:42:00.000Z,-35.62,-34.355,104.192,1.0,,4124.464365,,19.63629,,3781.1515,,320.676575,,1.0,,0.1228666666666667,,15.126,,0.41669,,0.071225321,,1.9745888710021973,,0.22162087261676788,,1.6030502319335938,
2003-10-08T11:58:00.000Z,-36.394,-35.338,7.438,1.0,,9737.032595,,42.41322,,9284.6235,,406.995875,,1.0,,0.6722666666666667,,15.1456,,57.311878,,0.28942032,,2.19012713432312,0.08796350741532863,0.24257364869117737,0.010026313792256582,2.0298774242401123,0.13504423460030196
2003-10-08T11:58:00.000Z,-36.394,-35.338,22.953,1.0,,7570.8084725,,34.2446725,,7134.2815,,399.2823,,1.0,,0.739,,15.1455,,16.629152,,0.29657728,,2.279170274734497,0.0222653371313351,0.22964444011449814,0.01221637994471604,2.118993043899536,0.10080143747174695
2003-10-08T11:58:00.000Z,-36.394,-35.338,42.951,1.0,,9972.24747999999,,42.066905,,9423.8275,,503.353075,,1.0,,0.7324,,15.1469,,4.714413,,0.2747423,,2.946775197982788,0.10802068685948096,0.237151600420475,0.010929067677223549,2.0008289217948914,0.017612746524217508
2003-10-08T11:58:00.000Z,-36.394,-35.338,52.668,1.0,,12521.45495,,36.7643,,11915.6735,,566.01715,,1.0,,0.6427333333333334,,15.1406,,3.017702,,0.21147628,,3.204648971557617,0.14726446044494462,0.24419890344142914,0.00599583174258404,5.014192819595337,4.096276820533321
2003-10-08T11:58:00.000Z,-36.394,-35.338,68.066,1.0,,8378.8396375,,34.5714625,,7876.435,,464.833175,,1.0,,0.5980666666666665,,15.1006,,1.401405,,0.13014954,,3.772987961769104,0.10630834469818036,0.24867697805166245,0.009065797651405434,1.6959828734397888,0.03863964065890849
2003-10-08T11:58:00.000Z,-36.394,-35.338,82.879,1.0,,2648.4269225,,12.40909,,2497.79375,,135.2240825,,1.0,,0.3682,,14.7724,,0.796038,,0.035038922,,4.053057432174683,0.034438695680433645,0.2802683413028717,0.00452800452291939,2.1719638109207153,0.02309124677475458
2003-10-08T11:58:00.000Z,-36.394,-35.338,103.166,1.0,,568.919522749999,,4.44558775,,510.107075,,51.36686,,1.0,,0.09133333333333334,,14.6078,,0.438952,,0.030073854,,3.0491580963134766,,0.2692534923553467,,2.3644216060638428,
2003-10-08T11:58:00.000Z,-36.394,-35.338,153.72,1.0,,666.79067075,,4.54931075,,596.8963,,62.34506,,1.0,,0.08293333333333335,,14.3059,,0.114237,,0.030009796,,4.337672710418701,,0.2716214954853058,,2.956336736679077,
2003-10-08T11:58:00.000Z,-36.394,-35.338,204.142,1.0,,234.52913355,,1.11201355,,205.29785,,25.11927,,1.0,,0.05093333333333333,,14.1851,,0.031219,,0.028926328,,6.310019016265869,,0.4408605992794037,,5.418849945068359,
2003-10-09T12:58:00.000Z,-39.386,-39.331,8.693,1.0,,4307.01312499999,,250.968525,,3615.66575,,437.378849999999,,1.0,,0.2696666666666667,,15.7998,,47.594352,,0.051919243,,5.410914182662964,0.10713627739032837,0.3387587368488312,0.0043081665610865665,3.6143858432769775,0.2666219752042799
2003-10-09T12:58:00.000Z,-39.386,-39.331,23.435,1.0,,5343.981825,,295.16225,,4557.06075,,488.758825,,1.0,,0.2686,,15.7782,,21.568286,,0.19042612,,5.849431753158569,0.17636095878292543,0.37599049508571625,0.019013897429537924,3.4322986602783203,0.2735502427498947
2003-10-09T12:58:00.000Z,-39.386,-39.331,39.231,1.0,,5600.532875,,306.360325,,4616.16975,,675.0028,,1.0,,0.277558268590455,,15.7768,,9.052517,,0.19024908,,7.3491973876953125,0.5420779298564432,0.4339368939399719,0.002235215963926754,3.21932315826416,0.08121866295443324
2003-10-09T12:58:00.000Z,-39.386,-39.331,53.389,1.0,,3034.32289999999,,199.7447,,2279.90625,,551.671949999999,,1.0,,0.309,,15.7509,,4.376514,,0.18978484,,8.661990642547607,0.14395947317211436,0.4639460891485214,0.007609255250429575,4.338173747062683,0.753220996841469
2003-10-09T12:58:00.000Z,-39.386,-39.331,69.117,1.0,,4380.081625,,330.21415,,3512.38425,,534.483225,,1.0,,0.3232666666666667,,15.7513,,2.175259,,0.18022014,,9.21918249130249,0.1365578122240252,0.4369012266397476,0.004601192525358557,3.0404481887817383,0.1881587046180949
2003-10-09T12:58:00.000Z,-39.386,-39.331,83.505,1.0,,5981.250375,,230.15455,,5102.57175,,645.524075,,1.0,,0.3555333333333334,,15.7353,,1.102187,,0.17998928,,9.691555500030518,0.09227327555665861,0.45839445292949677,0.0017503796920816845,3.751144289970398,0.03314681047987772
2003-10-09T12:58:00.000Z,-39.386,-39.331,103.78,1.0,,4728.94115,,224.528825,,4055.88225,,445.530075,,1.0,,0.3654,,15.6953,,0.43052,,0.1675287,,7.363324165344238,,0.4482944905757904,,3.9336695671081543,
2003-10-09T12:58:00.000Z,-39.386,-39.331,154.397,1.0,,5183.474525,,272.658425,,4452.10825,,455.70785,,1.0,,0.34205980066445185,,15.6588,,0.048226,,0.14019069,,8.950773239135742,,0.4221028983592987,,5.11064338684082,
2003-10-09T12:58:00.000Z,-39.386,-39.331,203.953,1.0,,4154.804047,,158.586425,,3688.62575,,304.591872,,1.0,,0.2855333333333333,,15.482,,0.006957,,0.11999947,,9.873745918273926,,0.7379904985427856,,8.079973220825195,
2003-10-10T12:47:00.000Z,-41.891,-42.741,12.943,1.0,,752.266253525,,1.579191025,,694.819825,,52.8672375,,1.0,,0.3333333333333334,,13.4396,,33.190845,,0.1551707,,7.686296224594116,0.1000994395629495,0.5218506753444672,0.006803049258688939,3.4451215267181396,0.4778697349610068
2003-10-10T12:47:00.000Z,-41.891,-42.741,21.147,1.0,,1394.02949835,,2.48345835,,1296.79225,,91.75379,,1.0,,0.33633333333333343,,13.4104,,20.483491,,0.19645243,,7.93870210647583,0.11155427863863432,0.5469636917114258,0.01717964550891956,2.4297856092453003,0.32320715390324795
2003-10-10T12:47:00.000Z,-41.891,-42.741,43.006,1.0,,762.424337249999,,4.54524975,,697.079424999999,,57.7996625,,1.0,,0.35486666666666655,,13.4067,,6.829953,,0.18937197,,10.098865032196045,0.44413809481119193,0.5965318381786346,0.0030941265897302637,2.6425797939300537,0.26657342203479534
2003-10-10T12:47:00.000Z,-41.891,-42.741,53.388,1.0,,1050.77361422499,,0.978754225,,984.195674999999,,62.599185,,1.0,,0.3361598224195339,,13.4027,,3.628193,,0.20000258,,10.709964275360107,0.05414420182061108,0.6050083339214325,0.0036766803298478408,3.2097023725509644,0.36012340992654596
2003-10-10T12:47:00.000Z,-41.891,-42.741,63.899,1.0,,860.225635175,,1.596672675,,814.74475,,40.8842125,,1.0,,0.32973333333333343,,13.4024,,2.417129,,0.18618879,,10.873268604278564,0.08220928248183329,0.6039671301841736,0.0019826720476494772,3.236989736557007,0.011675014212305735
2003-10-10T12:47:00.000Z,-41.891,-42.741,83.367,1.0,,893.580202075,,1.178384575,,832.1337,,57.2681175,,1.0,,0.32046666666666673,,13.3891,,0.906021,,0.17998846,,11.10222053527832,0.01482624978176826,0.6091624796390533,0.0025959508403314963,3.1904181241989136,0.09976951403280622
2003-10-10T12:47:00.000Z,-41.891,-42.741,103.727,1.0,,1166.26757125,,2.19316125,,1118.1143,,42.96011,,1.0,,0.2844,,13.3849,,0.358928,,0.15993363,,8.776456832885742,,0.5948238372802734,,2.9657483100891113,
2003-10-10T12:47:00.000Z,-41.891,-42.741,153.996,0.86452925,,382.206813975,,0.871579724999999,,360.579425,,17.89128,,1.0,,0.09193333333333334,,13.1439,,0.05224,,0.089751111,,11.131708145141602,,0.6436429023742676,,5.117863655090332,
2003-10-10T12:47:00.000Z,-41.891,-42.741,204.27,1.0,,59.825737,,0.65053725,,52.42076,,3.75443975,,1.0,,0.01726666666666667,,11.4669,,0.010931,,0.020765856,,14.896772384643555,,1.0605117082595825,,7.578495025634766,
2003-10-11T06:50:00.000Z,-43.976,-45.724,12.992,1.0,,584.692275,,1.0,,579.692275,,1.0,,1.0,,0.23913333333333328,,9.0359,,26.967242,,0.37142407,,9.631493091583252,0.12924246802168632,0.7063563764095306,0.007528312227864403,3.550673007965088,0.970631805962247
2003-10-11T06:50:00.000Z,-43.976,-45.724,23.193,1.0,,488.76775,,1.0,,483.76775,,1.0,,1.0,,0.265,,9.0249,,12.744599,,0.37476939,,9.507420539855957,0.0044062001307229055,0.7088871896266937,0.006230442174819932,2.353990316390991,0.17133604291606258
2003-10-11T06:50:00.000Z,-43.976,-45.724,37.738,1.0,,600.6789825,,0.794407499999999,,595.884575,,1.0,,1.0,,0.2688,,9.0189,,4.706991,,0.38060855,,10.222839832305908,0.2576912265922155,0.7445279657840729,0.007774196942076959,1.8628930449485779,0.015304110750184775
2003-10-11T06:50:00.000Z,-43.976,-45.724,63.586,1.0,,398.098446975,,0.712946974999999,,393.3855,,1.0,,1.0,,0.2573333333333333,,9.0238,,0.814755,,0.36001913,,11.802797317504883,0.16926848711551218,0.8173454403877258,0.00871622115314395,4.033939838409424,0.6091682948404485
2003-10-11T06:50:00.000Z,-43.976,-45.724,83.746,1.0,,235.700175,,1.0,,230.700175,,1.0,,1.0,,0.20913333333333328,,9.024,,0.267516,,0.29802898,,12.000555038452148,0.0583164026484015,0.8074736595153809,0.008778682782637097,3.211366653442383,0.12334056053100882
2003-10-11T06:50:00.000Z,-43.976,-45.724,104.17,1.0,,310.944044499999,,0.9763195,,305.967725,,1.0,,1.0,,0.1597333333333333,,9.0014,,0.091613,,0.19076283,,8.580842971801758,,0.8066884279251099,,2.861029624938965,
2003-10-11T06:50:00.000Z,-43.976,-45.724,144.206,1.0,,16.57943475,,1.0,,11.57943475,,1.0,,1.0,,0.01686666666666667,,8.0024,,0.018988,,0.039649513,,,,,,,
2003-10-11T06:50:00.000Z,-43.976,-45.724,204.827,1.0,,6.0,,1.0,,1.0,,1.0,,1.0,,0.001266666666666667,,6.3637,,0.004022,,0.01,,15.244867324829102,,1.2666181325912476,,6.017596244812012,
2003-10-11T12:52:00.000Z,-44.563,-46.586,13.935,1.0,,602.4728,,1.0,,597.4728,,1.0,,1.0,,0.2641333333333333,,9.1044,,34.179324,,0.1984849,,10.709086418151855,0.37564508270874397,0.7201153934001923,0.01890737126992664,4.0122517347335815,1.3743576479598592
2003-10-11T12:52:00.000Z,-44.563,-46.586,24.183,1.0,,541.920925,,1.0,,536.920925,,1.0,,1.0,,0.2556666666666667,,9.0818,,17.180198,,0.35668362,,10.202562808990479,0.046619809249658195,0.7158719897270203,0.0042523641336581425,2.7586504220962524,0.12467223235655903
2003-10-11T12:52:00.000Z,-44.563,-46.586,32.325,1.0,,710.8293,,1.0,,705.8293,,1.0,,1.0,,0.2804666666666667,,9.0796,,9.616631,,0.41026865,,10.449219703674316,0.2273218934292057,0.7391112744808197,0.0104585297237358,2.3093314170837402,0.11325937154199105
2003-10-11T12:52:00.000Z,-44.563,-46.586,44.138,1.0,,577.54405,,1.0,,572.54405,,1.0,,1.0,,0.3154,,9.0747,,4.047359,,0.40990794,,10.891337394714355,0.17212098582272947,0.7638818025588989,0.005007045603094211,1.8922274112701416,0.03667652474896808
2003-10-11T12:52:00.000Z,-44.563,-46.586,64.321,1.0,,556.612625,,1.0,,551.612625,,1.0,,1.0,,0.2757333333333333,,9.0693,,1.037407,,0.36232372,,12.469628810882568,0.2131531344842074,0.859054297208786,0.011933753715314112,4.569386720657349,1.0879156957748461
2003-10-11T12:52:00.000Z,-44.563,-46.586,84.233,0.6968045,,447.272792824999,,0.715438324999999,,442.86055,,1.0,,1.0,,0.17086666666666672,,8.9738,,0.373022,,0.19045014,,12.566641807556152,0.056724937648630146,0.8458057940006256,0.008549698954677408,3.2970069646835327,0.11358019335285598
2003-10-11T12:52:00.000Z,-44.563,-46.586,104.654,1.0,,171.0189,,1.0,,166.0189,,1.0,,1.0,,0.0814,,8.9108,,0.15568,,0.089911951,,9.098846435546875,,0.8507001996040344,,2.90726375579834,
2003-10-11T12:52:00.000Z,-44.563,-46.586,155.183,1.0,,31.0061475,,1.0,,26.0061475,,1.0,,1.0,,0.0182,,8.4398,,0.030028,,0.029641536,,,,,,,
2003-10-11T12:52:00.000Z,-44.563,-46.586,205.65,1.0,,6.257033,,1.0,,1.257033,,1.0,,1.0,,0.0014666666666666671,,6.4425,,0.008801,,0.0099722028,,,,,,,
